Merchant,Merchant_ID
Amanda Rogers,1
Andrea Contreras,2
Andrew Moore & Garcia,3
Angela Campbell & Barton,4
Armstrong,5
Baker,6
Benjamin Sanders & Pollard,7
Brady,8
Brandon Cox,9
Brian Solis,10
Brittany Grant & Ford,11
Cameron Oliver,12
Carla Long & Grant,13
Carlson,14
Cassandra Brown & Moreno,15
Courtney Ewing,16
Cynthia Mcknight & Miller,17
Cynthia Middleton,18
Cynthia Young,19
Daniel Macdonald,20
David Sanders & Jones,21
Dennis Freeman & Lindsey,22
Douglas,23
Dunn,24
Ebony Green & Wright,25
Edward Campbell & Nelson,26
Elizabeth Anderson & Valentine,27
Eric Valdez,28
Gina Brown,29
Graham,30
Guerra,31
Harvey,32
Heather Adams & Lopez,33
Henderson,34
Hudson,35
Jacob Donovan,36
Jacob Harris & Yoder,37
James Kelly & Parker,38
James Rodriguez & Johnson,39
Jamie Schroeder & Cabrera,40
Javier Hoffman,41
Jennifer Russell,42
Jessica Bowman,43
Jessica Watkins & Robinson,44
Jimenez,45
John Daniels & Thomas,46
John Smith,47
John White & Washington,48
Jonathan Marshall & Anderson,49
Joseph Keith & Robinson,50
Joshua Garcia & Mcdonald,51
Katelyn Cooper & Cook,52
Kaylee Reyes,53
Kevin Moore,54
Kevin Robinson & Mitchell,55
Klein,56
Kristin Perry,57
Laura Davis,58
Laura Wood,59
Lee,60
Lewis,61
Lisa Bailey & Walker,62
Lisa Nichols,63
Louis Hill,64
Lowery,65
Matthew Ramirez,66
Matthew Rodriguez & Owens,67
Michael Hebert & Mccoy,68
Michelle Gilbert & Berger,69
Miller,70
Morgan Smith,71
Morris,72
Nash,73
Nicholas Ramos & Glenn,74
Nicole Reynolds & Ball,75
Noah Avila,76
Owen,77
Patton,78
Paul Dominguez,79
Paul Williams & Thomas,80
Pena,81
Powell,82
Rachel Johnson & Perry,83
Raymond Roberts & Jenkins,84
Robert Brown & Jackson,85
Rodriguez,86
Ronald Stephens & Campbell,87
Sanchez,88
Sandra Sutton,89
Sara Hart & Edwards,90
Sarah Murray,91
Scott Patton & Fox,92
Smith,93
Stephanie Atkinson & Carpenter,94
Steven Blankenship & Martin,95
Tasha Lopez,96
Thomas,97
Tracy Porter & Hawkins,98
Turner,99
Valerie Phillips & Ward,100
Vaughn,101
Walker,102
Walter Ashley & Moreno,103
Wilson,104
Woods,105
